"ticker","company_name","sector","industry","country","market_cap","market_cap_value","cap_group","pe_num","peg","ps","pb","institutional_ownership_pct","short_float_pct","roa_num","roe_num","profit_margin_pct"
11,"Armada Acquisition Corp III","Financial","Shell Companies","USA","341.66M",341660000,"Small‑Mid Cap",146.14,"-","-","1.41",58.37,,,,
19,"Atlantic American Corp","Financial","Insurance - Life","USA","27.54M",27540000,"Small‑Mid Cap",5.99,"-","0.13","0.25",4.56,1.78,1.32,4.75,2.26
20,"Acadian Asset Management Inc","Financial","Asset Management","USA","3.34B",3.34e+09,"Small‑Mid Cap",33.2,"0.43","4.81","36.30",103.22,6.07,13.26,200.4,14.59
20,"Acadian Asset Management Inc","Financial","Asset Management","USA","3.34B",3.34e+09,"Small‑Mid Cap",33.2,"0.43","4.81","36.30",103.22,6.07,13.26,200.4,14.59
20,"Acadian Asset Management Inc","Financial","Asset Management","USA","3.34B",3.34e+09,"Small‑Mid Cap",33.2,"0.43","4.81","36.30",103.22,6.07,13.26,200.4,14.59
20,"Acadian Asset Management Inc","Financial","Asset Management","USA","3.34B",3.34e+09,"Small‑Mid Cap",33.2,"0.43","4.81","36.30",103.22,6.07,13.26,200.4,14.59
20,"Acadian Asset Management Inc","Financial","Asset Management","USA","3.34B",3.34e+09,"Small‑Mid Cap",33.2,"0.43","4.81","36.30",103.22,6.07,13.26,200.4,14.59
20,"Acadian Asset Management Inc","Financial","Asset Management","USA","3.34B",3.34e+09,"Small‑Mid Cap",33.2,"0.43","4.81","36.30",103.22,6.07,13.26,200.4,14.59
20,"Acadian Asset Management Inc","Financial","Asset Management","USA","3.34B",3.34e+09,"Small‑Mid Cap",33.2,"0.43","4.81","36.30",103.22,6.07,13.26,200.4,14.59
20,"Acadian Asset Management Inc","Financial","Asset Management","USA","3.34B",3.34e+09,"Small‑Mid Cap",33.2,"0.43","4.81","36.30",103.22,6.07,13.26,200.4,14.59
20,"Acadian Asset Management Inc","Financial","Asset Management","USA","3.34B",3.34e+09,"Small‑Mid Cap",33.2,"0.43","4.81","36.30",103.22,6.07,13.26,200.4,14.59
20,"Acadian Asset Management Inc","Financial","Asset Management","USA","3.34B",3.34e+09,"Small‑Mid Cap",33.2,"0.43","4.81","36.30",103.22,6.07,13.26,200.4,14.59
20,"Acadian Asset Management Inc","Financial","Asset Management","USA","3.34B",3.34e+09,"Small‑Mid Cap",33.2,"0.43","4.81","36.30",103.22,6.07,13.26,200.4,14.59
20,"Acadian Asset Management Inc","Financial","Asset Management","USA","3.34B",3.34e+09,"Small‑Mid Cap",33.2,"0.43","4.81","36.30",103.22,6.07,13.26,200.4,14.59
20,"Acadian Asset Management Inc","Financial","Asset Management","USA","3.34B",3.34e+09,"Small‑Mid Cap",33.2,"0.43","4.81","36.30",103.22,6.07,13.26,200.4,14.59
20,"Acadian Asset Management Inc","Financial","Asset Management","USA","3.34B",3.34e+09,"Small‑Mid Cap",33.2,"0.43","4.81","36.30",103.22,6.07,13.26,200.4,14.59
20,"Acadian Asset Management Inc","Financial","Asset Management","USA","3.34B",3.34e+09,"Small‑Mid Cap",33.2,"0.43","4.81","36.30",103.22,6.07,13.26,200.4,14.59
20,"Acadian Asset Management Inc","Financial","Asset Management","USA","3.34B",3.34e+09,"Small‑Mid Cap",33.2,"0.43","4.81","36.30",103.22,6.07,13.26,200.4,14.59
23,"AAON Inc","Industrials","Building Products & Equipment","USA","6.30B",6.3e+09,"Small‑Mid Cap",39.96,"0.43","3.26","6.23",84.37,-0.06,9.76,17.28,8.24
26,"Advance Auto Parts Inc","Consumer Cyclical","Auto Parts","USA","2.48B",2.48e+09,"Small‑Mid Cap",29.77,"0.41","0.29","1.09",125.39,2.27,0.96,4.84,0.97
38,"American Assets Trust Inc","Real Estate","REIT - Diversified","USA","1.35B",1.35e+09,"Small‑Mid Cap",74.21,"-","3.07","1.20",79.65,-2.44,0.65,1.64,4.09
45,"AllianceBernstein Holding Lp","Financial","Asset Management","USA","3.39B",3.39e+09,"Small‑Mid Cap",10.74,"1.08","-","2.70",12.51,-0.05,19.36,19.39,
48,"Ameris Bancorp","Financial","Banks - Regional","USA","5.57B",5.57e+09,"Small‑Mid Cap",15.02,"-","3.27","1.36",99.98,3.2,1.36,9.4,22.11
55,"Asbury Automotive Group Inc","Consumer Cyclical","Auto & Truck Dealerships","USA","3.31B",3.31e+09,"Small‑Mid Cap",6.9,"1.06","0.18","0.84",106.67,-4.16,4.73,13.23,2.83
62,"ABM Industries Inc","Industrials","Specialty Business Services","USA","2.90B",2.9e+09,"Small‑Mid Cap",17.86,"1.12","0.32","1.62",102.23,2.21,3.06,9.19,1.82
67,"Arbor Realty Trust Inc","Real Estate","REIT - Mortgage","USA","809.66M",809660000,"Small‑Mid Cap",67.6,"-","0.68","0.38",66.76,3.22,0.41,2.01,1.36
73,"Arbutus Biopharma Corp","Healthcare","Biotechnology","USA","990.53M",990530000,"Small‑Mid Cap",6.38,"-","5.45","3.82",71.43,0.58,81.13,89.58,84.23
76,"Abacus Global Management Inc","Financial","Insurance - Life","USA","787.23M",787230000,"Small‑Mid Cap",28.19,"0.39","2.95","1.80",28.38,1.38,3.29,6.55,10.55
78,"Arcosa Inc","Industrials","Engineering & Construction","USA","7.18B",7.18e+09,"Small‑Mid Cap",54.71,"7.36","2.62","2.41",92.29,-2.26,3.86,7.24,4.78
80,"Acadia Pharmaceuticals Inc","Healthcare","Biotechnology","USA","4.55B",4.55e+09,"Small‑Mid Cap",11.89,"-","3.99","3.48",97.81,1.39,25.64,35.74,33.42
85,"Acco Brands Corp","Industrials","Business Equipment & Supplies","USA","384.92M",384920000,"Small‑Mid Cap",6.72,"-","0.24","0.56",82.07,0.61,2.5,8.85,3.74
89,"Accel Entertainment Inc","Consumer Cyclical","Gambling","USA","901.25M",901250000,"Small‑Mid Cap",16.42,"-","0.65","3.18",55.81,1.27,5.26,20.82,4.08
93,"Acorn Energy Inc","Technology","Scientific & Technical Instruments","USA","52.20M",52200000,"Small‑Mid Cap",34.31,"-","5.45","5.95",4.42,4.45,11.9,19.73,16.12
103,"Albertsons Companies Inc","Consumer Defensive","Grocery Stores","USA","5.88B",5.88e+09,"Small‑Mid Cap",162.03,"-","0.07","3.67",64.42,-3.41,0.25,2.72,0.08
104,"American Coastal Insurance Corp","Financial","Insurance - Property & Casualty","USA","445.38M",445380000,"Small‑Mid Cap",4.56,"-","1.35","1.27",33.66,-6.51,11,31.65,30.31
108,"ACI Worldwide Inc","Technology","Software - Infrastructure","USA","5.01B",5.01e+09,"Small‑Mid Cap",22.69,"-","2.75","3.35",103.99,2.3,7.24,15.62,12.4
112,"Axcelis Technologies Inc","Technology","Semiconductor Equipment & Materials","USA","3.49B",3.49e+09,"Small‑Mid Cap",38.05,"1.13","4.03","3.28",101.82,-5.64,6.85,8.89,10.71
114,"AECOM","Industrials","Engineering & Construction","USA","8.10B",8.1e+09,"Small‑Mid Cap",22.98,"0.86","0.53","3.69",94.75,2.8,3.07,15.91,2.35
116,"ACM Research Inc","Technology","Semiconductor Equipment & Materials","USA","5.07B",5.07e+09,"Small‑Mid Cap",34.57,"0.58","4.88","2.72",70.38,7.17,5.52,10.55,14.48
118,"ACNB Corp","Financial","Banks - Regional","USA","649.35M",649350000,"Small‑Mid Cap",12.11,"-","3.23","1.53",41,0.14,1.66,13.34,27.15
134,"Enact Holdings Inc","Financial","Insurance - Specialty","USA","6.61B",6.61e+09,"Small‑Mid Cap",10.13,"1.92","5.27","1.23",22.2,-0.78,9.95,12.87,54.51
137,"Acme United Corp","Consumer Defensive","Household & Personal Products","USA","236.74M",236740000,"Small‑Mid Cap",26.01,"-","1.12","1.95",73.1,0.64,5.28,8.35,4.64
150,"Array Digital Infrastructure Inc","Communication Services","Telecom Services","USA","3.08B",3.08e+09,"Small‑Mid Cap",4.13,"0.96","14.41","2.43",20.64,-1.74,9.41,22.06,349.27
151,"American Drive Acquisition Co","Financial","Shell Companies","USA","289.23M",289230000,"Small‑Mid Cap",118.08,"-","-","1.29",68.9,,,,
153,"Adamas Trust Inc","Real Estate","REIT - Mortgage","USA","801.73M",801730000,"Small‑Mid Cap",5.31,"-","0.96","0.86",58.15,0.98,1.72,14.17,18.6
158,"Agree Realty Corp","Real Estate","REIT - Retail","USA","8.41B",8.41e+09,"Small‑Mid Cap",36.43,"7.40","10.79","1.33",115.56,1.2,2.29,3.69,27.83
161,"Adeia Inc","Technology","Software - Application","USA","2.82B",2.82e+09,"Small‑Mid Cap",23.6,"5.10","5.98","5.90",104.03,5.3,11.7,27.88,26.05
169,"Adma Biologics Inc","Healthcare","Biotechnology","USA","2.13B",2.13e+09,"Small‑Mid Cap",13.49,"0.45","4.16","5.25",90.11,-3.77,27.19,41.9,32.98
171,"Adient plc","Consumer Cyclical","Auto Parts","USA","1.35B",1.35e+09,"Small‑Mid Cap",29.2,"0.24","0.09","0.78",98.6,-2.27,0.54,2.73,0.32
177,"ADT Inc","Industrials","Security & Protection Services","USA","4.84B",4.84e+09,"Small‑Mid Cap",9.17,"1.08","0.94","1.40",98.61,-8.43,3.87,17.2,11.86
180,"Addus HomeCare Corp","Healthcare","Medical Care Facilities","USA","2.15B",2.15e+09,"Small‑Mid Cap",20.23,"1.77","1.46","1.88",105.06,0.34,7.35,9.71,7.13
182,"Advanced Biomed Inc","Healthcare","Diagnostics & Research","Taiwan","10.68M",10680000,"Small‑Mid Cap",40.64,"-","-","31.04",0.08,-0.01,59.9,84.61,
186,"Activate Energy Acquisition Corp","Financial","Shell Companies","Cayman Islands","315.62M",315620000,"Small‑Mid Cap",66.14,"-","-","1.14",65.01,,3.33,3.45,
187,"Aebi Schmidt Holding AG","Industrials","Farm & Heavy Construction Machinery","Switzerland","935.89M",935890000,"Small‑Mid Cap",35.35,"-","0.40","0.91",41.15,1.11,1.31,3.58,1.13
