YEAR_num,MONTH_num,observations
2022,1,44689
2022,2,45341
2022,3,44499
2022,4,45775
2022,5,47090
2022,6,45559
2022,7,45143
2022,8,45756
2022,9,45316
2022,10,45152
2022,11,44456
2022,12,43811
2023,1,44003
2023,2,43238
2023,3,43070
2023,4,44879
2023,5,45369
2023,6,45184
2023,7,45239
2023,8,45718
2023,9,44909
2023,10,45931
2023,11,45023
2023,12,44406
2024,1,44280
2024,2,44601
2024,3,43190
2024,4,44737
2024,5,45012
2024,6,44403
2024,7,44810
2024,8,45244
2024,9,44594
2024,10,44443
2024,11,44405
2024,12,44309
2025,1,43536
2025,2,43379
2025,3,42228
2025,4,43039
2025,5,42409
2025,6,42161
2025,7,41931
2025,8,43945
2025,9,43836
2025,11,40648
2025,12,40336
