YEAR_num,education_group,annual_mean_hours,months_available
2022,Bachelor's or Higher,39.99276127661484,12
2022,High School Graduate,38.61553985322431,12
2022,Less than High School,33.237083277976865,12
2022,Some College,37.938596785000726,12
2023,Bachelor's or Higher,39.78129546492186,12
2023,High School Graduate,38.3444097401428,12
2023,Less than High School,33.26253927659101,12
2023,Some College,37.74883095143791,12
2024,Bachelor's or Higher,39.53873214635028,12
2024,High School Graduate,38.20449430230421,12
2024,Less than High School,33.17940134202421,12
2024,Some College,37.54187925278297,12
2025,Bachelor's or Higher,39.409446134196074,11
2025,High School Graduate,38.13949298873099,11
2025,Less than High School,32.93054292798706,11
2025,Some College,37.47311306697058,11
