YEAR_num,MONTH_num,weighted_mean_hours,observations,weighted_population
2022,1,38.53758667681222,44689,147206480.151
2022,2,38.55178865390275,45341,148349321.908
2022,3,38.59701293150631,44499,149883008.2292
2022,4,38.55049806219465,45775,149365724.5693
2022,5,38.74775345606738,47090,150062129.2691
2022,6,38.821062839971084,45559,150257426.0358
2022,7,38.84834623578213,45143,150937620.2889
2022,8,38.91745595024325,45756,150687206.6691
2022,9,38.71235602071819,45316,151489769.8071
2022,10,38.66053199308002,45152,151453007.3867
2022,11,38.57432832534838,44456,151055571.3145
2022,12,38.45447331699224,43811,150920370.325
2023,1,38.313234415137735,44003,151069798.16279998
2023,2,38.34106150114954,43238,152164233.6622
2023,3,38.445070392866036,43070,153380744.5009
2023,4,38.47726126183646,44879,153299859.8924
2023,5,38.529955864396506,45369,153160573.3512
2023,6,38.693034555437144,45184,153606180.3515
2023,7,38.60734342496717,45239,154138602.1129
2023,8,38.66733131175329,45718,153615606.8181
2023,9,38.47935660481787,44909,154153131.6348
2023,10,38.473344935385654,45931,153822484.2323
2023,11,38.30832917168756,45023,154162995.7235
2023,12,38.19581921695356,44406,152840229.235
2024,1,38.13632724508897,44280,151785900.2307
2024,2,38.144356653199246,44601,152399976.2154
2024,3,38.02892417761084,43190,154246018.3908
2024,4,38.27181210565552,44737,154206396.1383
2024,5,38.307358391881145,45012,154250874.9227
2024,6,38.43659242083745,44403,153719602.5638
2024,7,38.529961711988086,44810,154283603.4716
2024,8,38.52421933910798,45244,153893288.8479
2024,9,38.365347993333224,44594,153271505.4806
2024,10,38.33731266733628,44443,153357760.9759
2024,11,38.190817992482266,44405,152801231.7623
2024,12,38.1651581515768,44309,152562261.8529
2025,1,38.16834031508416,43536,154113271.5038
2025,2,38.13255793782338,43379,155098591.4604
2025,3,38.112617142959664,42228,156311341.4412
2025,4,38.14723458764664,43039,156831244.1878
2025,5,38.28339994246143,42409,156006165.3023
2025,6,38.325032524550146,42161,156253235.5514
2025,7,38.388996776210796,41931,156631596.959
2025,8,38.36773264005365,43945,156817886.3097
2025,9,38.24170654460176,43836,157223650.6062
2025,11,38.02337760579272,40648,157103552.9842
2025,12,38.096108173872885,40336,155741801.4122
