YEAR_num,n_unweighted,weighted_population,mean_hours,median_hours
2015,90628,147726983.29,35.91825671301841,40
2016,84885,150678707.81,36.022001796326656,40
2017,80826,143529160.21,38.51388871349963,40
2018,78592,146032882.58,38.53200924831049,40
2019,79390,147636762.24,38.54954451207829,40
2020,68123,146007732.0408,38.480416312947035,40
2021,69025,142750328.0497,38.51662811730088,40
2022,67106,149557750.81,38.51383318626949,40
2023,64978,152265091.82,38.34939780940001,40
2024,64820,153247059.88,38.04358942060768,40
2025,63864,155575943.89000002,38.04284542168494,40
