YEAR_num,n,asecwt_nonmissing,asecwt_positive,asecwt_zero,min_asecwt,max_asecwt,mean_asecwt
2015,199024,199024,199024,0,50.17,16858.4,1588.5920722626418
2016,185487,185487,185487,0,69.88,12515.28,1719.088076522883
2017,185914,185914,185914,0,84.42,11310.01,1723.2268522542681
2018,180084,180084,180084,0,93.24,13336.87,1794.474150174363
2019,180101,180101,180101,0,89.55,11599.43,1800.966353712639
2020,157959,157959,157959,0,101.6549,15322.2077,2073.96289271963
2021,163543,163543,163543,0,86.492,13178.967,2005.95244098922
2022,253267,152732,152732,0,103.56,17421.76,2152.2790337977635
2023,242479,146133,146133,0,117.25,14588.09,2262.539618635079
2024,239576,144265,144265,0,99.43,21488.61,2303.9717539250687
2025,235774,142125,142125,0,96.94,18956.71,2376.00451412489
