YEAR_num,MONTH_num,n
2015,3,199024
2016,3,185487
2017,3,185914
2018,3,180084
2019,3,180101
2020,3,157959
2021,3,163543
2022,1,102656
2022,2,103044
2022,3,253267
2022,4,103832
2022,5,105630
2022,6,102416
2022,7,101165
2022,8,102749
2022,9,101637
2022,10,100839
2022,11,99737
2022,12,98663
2023,1,99337
2023,2,97332
2023,3,242479
2023,4,99873
2023,5,100656
2023,6,100090
2023,7,100290
2023,8,101315
2023,9,99580
2023,10,101561
2023,11,99634
2023,12,99074
2024,1,99135
2024,2,99250
2024,3,239576
2024,4,99245
2024,5,99781
2024,6,98697
2024,7,99138
2024,8,100288
2024,9,99421
2024,10,99045
2024,11,99063
2024,12,98982
2025,1,97726
2025,2,96805
2025,3,235774
2025,4,95358
2025,5,95027
2025,6,94291
2025,7,93635
2025,8,97740
2025,9,96935
2025,11,90299
2025,12,90366
