YEAR_num,education_group,n
2015,Bachelor's or Higher,31712
2015,High School Graduate,25155
2015,Less than High School,7657
2015,Some College,26104
2016,Bachelor's or Higher,30097
2016,High School Graduate,23131
2016,Less than High School,7155
2016,Some College,24502
2017,Bachelor's or Higher,29432
2017,High School Graduate,21995
2017,Less than High School,6309
2017,Some College,23090
2018,Bachelor's or Higher,29320
2018,High School Graduate,21197
2018,Less than High School,6045
2018,Some College,22030
2019,Bachelor's or Higher,30193
2019,High School Graduate,21311
2019,Less than High School,5944
2019,Some College,21942
2020,Bachelor's or Higher,27445
2020,High School Graduate,17601
2020,Less than High School,4437
2020,Some College,18640
2021,Bachelor's or Higher,27897
2021,High School Graduate,18114
2021,Less than High School,4774
2021,Some College,18240
2022,Bachelor's or Higher,26806
2022,High School Graduate,18344
2022,Less than High School,4703
2022,Some College,17253
2023,Bachelor's or Higher,26417
2023,High School Graduate,17545
2023,Less than High School,4619
2023,Some College,16397
2024,Bachelor's or Higher,26400
2024,High School Graduate,17510
2024,Less than High School,4508
2024,Some College,16402
2025,Bachelor's or Higher,26292
2025,High School Graduate,17239
2025,Less than High School,4219
2025,Some College,16114
