YEAR_num,education_group,n_unweighted,weighted_population,mean_hours
2015,Bachelor's or Higher,31712,52554244.54,38.138718165465235
2015,High School Graduate,25155,41039226.71,35.61439348938453
2015,Less than High School,7657,11417538.83,31.201915223966004
2015,Some College,26104,42715973.21,34.73894727517552
2016,Bachelor's or Higher,30097,54860447.34,38.1870896339286
2016,High School Graduate,23131,40828460.67,35.80561766253824
2016,Less than High School,7155,11459772.14,30.893021832805832
2016,Some College,24502,43530027.660000004,34.84658066146517
2017,Bachelor's or Higher,29432,53241199.12,40.32255152558255
2017,High School Graduate,21995,39026789.06,38.46461463130167
2017,Less than High School,6309,10009897.06,33.55356627014104
2017,Some College,23090,41251274.97,37.42979978056179
2018,Bachelor's or Higher,29320,56023140.66,40.21801429955748
2018,High School Graduate,21197,39109914.36,38.57635659164353
2018,Less than High School,6045,10001860.31,34.019795914346254
2018,Some College,22030,40897967.25,37.283556209752696
2019,Bachelor's or Higher,30193,57809727.79,40.070014709889364
2019,High School Graduate,21311,39232119.68,38.63590793572946
2019,Less than High School,5944,10003923,33.79840666406569
2019,Some College,21942,40590991.77,37.47156712549573
2020,Bachelor's or Higher,27445,59764657.7285,39.954386329300434
2020,High School Graduate,17601,37887602.7959,38.35246426264121
2020,Less than High School,4437,8860432.3984,33.40325571714144
2020,Some College,18640,39495039.118,37.51174582445187
2021,Bachelor's or Higher,27897,59433026.923,40.03039803063944
2021,High School Graduate,18114,36910249.4623,38.360440137187055
2021,Less than High School,4774,8958466.7229,33.29217157963084
2021,Some College,18240,37448584.9415,37.517928948129786
2022,Bachelor's or Higher,26806,60964613.160000004,40.02759371712217
2022,High School Graduate,18344,40559452.62,38.47969793360589
2022,Less than High School,4703,9549072.16,32.55415072494331
2022,Some College,17253,38484612.87,37.630574200186835
2023,Bachelor's or Higher,26417,63036385.56,39.73245767789228
2023,High School Graduate,17545,40852637.83,38.26644519566388
2023,Less than High School,4619,9743902.85,32.60463184831528
2023,Some College,16397,38632165.58,37.62932891866116
2024,Bachelor's or Higher,26400,63386593.7,39.40023467769967
2024,High School Graduate,17510,41116701.65,38.13945417579477
2024,Less than High School,4508,9689872.29,32.39407232889341
2024,Some College,16402,39053892.24,37.14248422707278
2025,Bachelor's or Higher,26292,65065365.92,39.44149678778906
2025,High School Graduate,17239,41684342.33,38.09086322053531
2025,Less than High School,4219,9334056.11,32.458029959282086
2025,Some College,16114,39492179.53,37.00779562469491
