YEAR_num,Bachelor's or Higher,High School Graduate,Less than High School,Some College
2015,38.138718165465235,35.61439348938453,31.201915223966004,34.73894727517552
2016,38.1870896339286,35.80561766253824,30.893021832805832,34.84658066146517
2017,40.32255152558255,38.46461463130167,33.55356627014104,37.42979978056179
2018,40.21801429955748,38.57635659164353,34.019795914346254,37.283556209752696
2019,40.070014709889364,38.63590793572946,33.79840666406569,37.47156712549573
2020,39.954386329300434,38.35246426264121,33.40325571714144,37.51174582445187
2021,40.03039803063944,38.360440137187055,33.29217157963084,37.517928948129786
2022,40.02759371712217,38.47969793360589,32.55415072494331,37.630574200186835
2023,39.73245767789228,38.26644519566388,32.60463184831528,37.62932891866116
2024,39.40023467769967,38.13945417579477,32.39407232889341,37.14248422707278
2025,39.44149678778906,38.09086322053531,32.458029959282086,37.00779562469491
