YEAR_num,education_group,share_40plus
2015,Bachelor's or Higher,0.7638038202090918
2015,High School Graduate,0.6853323194766421
2015,Less than High School,0.5597451843124418
2015,Some College,0.646876496903339
2016,Bachelor's or Higher,0.7690700780386678
2016,High School Graduate,0.6942696491563104
2016,Less than High School,0.5544976165720257
2016,Some College,0.65227826150147
2017,Bachelor's or Higher,0.8137494916292076
2017,High School Graduate,0.7494057249735736
2017,Less than High School,0.5966283110912602
2017,Some College,0.7054231028773413
2018,Bachelor's or Higher,0.8178693671376206
2018,High School Graduate,0.7616398527168499
2018,Less than High School,0.6133659671086329
2018,Some College,0.7077042672026373
2019,Bachelor's or Higher,0.8179664570565656
2019,High School Graduate,0.765036677030768
2019,Less than High School,0.611573007458632
2019,Some College,0.7100850391717016
2020,Bachelor's or Higher,0.8207194433146094
2020,High School Graduate,0.7604252528619321
2020,Less than High School,0.5908056742856409
2020,Some College,0.7185458149060608
2021,Bachelor's or Higher,0.8301893834317406
2021,High School Graduate,0.7593967538469782
2021,Less than High School,0.5830310865416946
2021,Some College,0.7229240121061113
2022,Bachelor's or Higher,0.828175185788617
2022,High School Graduate,0.7736319960709108
2022,Less than High School,0.5697633622476431
2022,Some College,0.7290982134963522
2023,Bachelor's or Higher,0.8241497284630508
2023,High School Graduate,0.7617636622913367
2023,Less than High School,0.5741337410006301
2023,Some College,0.7282170298463468
2024,Bachelor's or Higher,0.8151356430691749
2024,High School Graduate,0.7532882114409555
2024,Less than High School,0.5655252170511321
2024,Some College,0.7079727324521068
2025,Bachelor's or Higher,0.8186861922466302
2025,High School Graduate,0.7473199573656703
2025,Less than High School,0.5610661676213129
2025,Some College,0.701509815120169
