"ticker","company_name","sector","industry","country","market_cap","pe","market_cap_v","pe_v","forward_pe","peg","ps","pb","market_cap_o","outstanding","float","insider_own","insider_trans","inst_own","short_float","short_ratio","market_cap_f","roa","roe","profit_m"
"1","Agilent Technologies Inc","Healthcare","Diagnostics & Research","USA","45.66B","31.88","45.66B","31.88","24.01","2.36","6.19","6.20","45.66B","281.97M","280.98M","0.34%","-0.23%","95.51%","1.16%","2.02%","45.66B","11.00%","20.97%","19.53%"
"2","Alcoa Corp","Basic Materials","Aluminum","USA","11.78B","9.16","11.78B","9.16","7.51","0.44","0.85","1.60","11.78B","263.91M","262.49M","0.54%","-1.85%","83.53%","0.81%","4.64%","11.78B","8.10%","19.10%","9.33%"
"3","Alternative Access First Priority CLO Bond ETF","Financial","Exchange Traded Fund","USA","-","-","-","-","-","-","-","-","-","-","-","-","-","-","-","-","-","-","-","-"
"4","Amplius Aggressive Asset Allocation ETF","Financial","Exchange Traded Fund","USA","-","-","-","-","-","-","-","-","-","-","-","-","-","-","-","-","-","-","-","-"
"5","Columbia AAA CLO ETF","Financial","Exchange Traded Fund","USA","-","-","-","-","-","-","-","-","-","-","-","-","-","-","-","-","-","-","-","-"
"6","PGIM AAA CLO Aggregate Duration ETF","Financial","Exchange Traded Fund","USA","-","-","-","-","-","-","-","-","-","-","-","-","-","-","-","-","-","-","-","-"
"7","Pacer Barings CLO Market Flex ETF","Financial","Exchange Traded Fund","USA","-","-","-","-","-","-","-","-","-","-","-","-","-","-","-","-","-","-","-","-"
"8","Goldman Sachs Physical Gold ETF","Financial","Exchange Traded Fund","USA","-","-","-","-","-","-","-","-","-","-","-","-","-","-","-","-","-","-","-","-"
"9","Ares Acquisition Corp III","Financial","Shell Companies","USA","497.75M","-","497.75M","-","-","-","-","-","497.75M","39.50M","39.50M","20.00%","0.00%","-","-","0.26%","497.75M","-","-","-"
"10","ATA Creativity Global ADR","Consumer Defensive","Education & Training Services","China","34.85M","-","34.85M","-","-","-","0.93","5.62","34.85M","31.80M","8.84M","-","-","6.16%","-20.36%","0.15%","34.85M","-10.59%","-86.43%","-17.93%"
"11","Armada Acquisition Corp III","Financial","Shell Companies","USA","341.66M","146.14","341.66M","146.14","-","-","-","1.41","341.66M","25.52M","25.52M","25.00%","0.00%","58.37%","-","0.00%","341.66M","-","-","-"
"12","Abony Acquisition Corp I","Financial","Shell Companies","USA","314.08M","-","314.08M","-","-","-","-","1.39","314.08M","23.70M","-","-","-","56.17%","-","-","314.08M","-","-","-"
"13","Apogee Acquisition Corp","Financial","Shell Companies","USA","236.58M","-","236.58M","-","-","-","-","1.26","236.58M","23.47M","17.72M","24.50%","0.00%","64.75%","-","0.01%","236.58M","-","-","-"
"14","AdvisorShares Dorsey Wright ADR ETF","Financial","Exchange Traded Fund","USA","-","-","-","-","-","-","-","-","-","-","-","-","-","-","-","-","-","-","-","-"
"15","Applied Aerospace & Defense Inc","Industrials","Aerospace & Defense","USA","2.22B","-","2.22B","-","-","-","3.86","2.68","2.22B","172.39M","45.54M","73.58%","0.05%","23.15%","31.05%","6.95%","2.22B","-1.66%","-10.47%","-30.24%"
"16","Alpha Architect US Equity 2 ETF","Financial","Exchange Traded Fund","USA","-","-","-","-","-","-","-","-","-","-","-","-","-","-","-","-","-","-","-","-"
"17","American Airlines Group Inc","Industrials","Airlines","USA","8.98B","-","8.98B","-","6.07","0.06","0.15","-","8.98B","661.94M","651.54M","1.58%","-3.28%","78.36%","12.19%","11.59%","8.98B","-0.51%","-","-0.56%"
"18","Leverage Shares 2X Long AAL Daily ETF","Financial","Exchange Traded Fund","USA","-","-","-","-","-","-","-","-","-","-","-","-","-","-","-","-","-","-","-","-"
"19","Atlantic American Corp","Financial","Insurance - Life","USA","27.54M","5.99","27.54M","5.99","-","-","0.13","0.25","27.54M","20.40M","3.89M","80.91%","0.00%","4.56%","1.78%","0.91%","27.54M","1.32%","4.75%","2.26%"
"20","Acadian Asset Management Inc","Financial","Asset Management","USA","3.34B","33.20","3.34B","33.20","14.57","0.43","4.81","36.30","3.34B","35.49M","35.31M","0.52%","-91.65%","103.22%","6.07%","2.40%","3.34B","13.26%","200.40%","14.59%"
"20","Acadian Asset Management Inc","Financial","Asset Management","USA","3.34B","33.20","3.34B","33.20","14.57","0.43","4.81","36.30","3.34B","35.49M","35.31M","0.52%","-91.65%","103.22%","6.07%","2.40%","3.34B","13.26%","200.40%","14.59%"
"20","Acadian Asset Management Inc","Financial","Asset Management","USA","3.34B","33.20","3.34B","33.20","14.57","0.43","4.81","36.30","3.34B","35.49M","35.31M","0.52%","-91.65%","103.22%","6.07%","2.40%","3.34B","13.26%","200.40%","14.59%"
"20","Acadian Asset Management Inc","Financial","Asset Management","USA","3.34B","33.20","3.34B","33.20","14.57","0.43","4.81","36.30","3.34B","35.49M","35.31M","0.52%","-91.65%","103.22%","6.07%","2.40%","3.34B","13.26%","200.40%","14.59%"
"20","Acadian Asset Management Inc","Financial","Asset Management","USA","3.34B","33.20","3.34B","33.20","14.57","0.43","4.81","36.30","3.34B","35.49M","35.31M","0.52%","-91.65%","103.22%","6.07%","2.40%","3.34B","13.26%","200.40%","14.59%"
"20","Acadian Asset Management Inc","Financial","Asset Management","USA","3.34B","33.20","3.34B","33.20","14.57","0.43","4.81","36.30","3.34B","35.49M","35.31M","0.52%","-91.65%","103.22%","6.07%","2.40%","3.34B","13.26%","200.40%","14.59%"
"20","Acadian Asset Management Inc","Financial","Asset Management","USA","3.34B","33.20","3.34B","33.20","14.57","0.43","4.81","36.30","3.34B","35.49M","35.31M","0.52%","-91.65%","103.22%","6.07%","2.40%","3.34B","13.26%","200.40%","14.59%"
"20","Acadian Asset Management Inc","Financial","Asset Management","USA","3.34B","33.20","3.34B","33.20","14.57","0.43","4.81","36.30","3.34B","35.49M","35.31M","0.52%","-91.65%","103.22%","6.07%","2.40%","3.34B","13.26%","200.40%","14.59%"
"20","Acadian Asset Management Inc","Financial","Asset Management","USA","3.34B","33.20","3.34B","33.20","14.57","0.43","4.81","36.30","3.34B","35.49M","35.31M","0.52%","-91.65%","103.22%","6.07%","2.40%","3.34B","13.26%","200.40%","14.59%"
"20","Acadian Asset Management Inc","Financial","Asset Management","USA","3.34B","33.20","3.34B","33.20","14.57","0.43","4.81","36.30","3.34B","35.49M","35.31M","0.52%","-91.65%","103.22%","6.07%","2.40%","3.34B","13.26%","200.40%","14.59%"
"20","Acadian Asset Management Inc","Financial","Asset Management","USA","3.34B","33.20","3.34B","33.20","14.57","0.43","4.81","36.30","3.34B","35.49M","35.31M","0.52%","-91.65%","103.22%","6.07%","2.40%","3.34B","13.26%","200.40%","14.59%"
"20","Acadian Asset Management Inc","Financial","Asset Management","USA","3.34B","33.20","3.34B","33.20","14.57","0.43","4.81","36.30","3.34B","35.49M","35.31M","0.52%","-91.65%","103.22%","6.07%","2.40%","3.34B","13.26%","200.40%","14.59%"
"20","Acadian Asset Management Inc","Financial","Asset Management","USA","3.34B","33.20","3.34B","33.20","14.57","0.43","4.81","36.30","3.34B","35.49M","35.31M","0.52%","-91.65%","103.22%","6.07%","2.40%","3.34B","13.26%","200.40%","14.59%"
"20","Acadian Asset Management Inc","Financial","Asset Management","USA","3.34B","33.20","3.34B","33.20","14.57","0.43","4.81","36.30","3.34B","35.49M","35.31M","0.52%","-91.65%","103.22%","6.07%","2.40%","3.34B","13.26%","200.40%","14.59%"
"20","Acadian Asset Management Inc","Financial","Asset Management","USA","3.34B","33.20","3.34B","33.20","14.57","0.43","4.81","36.30","3.34B","35.49M","35.31M","0.52%","-91.65%","103.22%","6.07%","2.40%","3.34B","13.26%","200.40%","14.59%"
"20","Acadian Asset Management Inc","Financial","Asset Management","USA","3.34B","33.20","3.34B","33.20","14.57","0.43","4.81","36.30","3.34B","35.49M","35.31M","0.52%","-91.65%","103.22%","6.07%","2.40%","3.34B","13.26%","200.40%","14.59%"
"21","Leverage Shares 2X Long AAOI Daily ETF","Financial","Exchange Traded Fund","USA","-","-","-","-","-","-","-","-","-","-","-","-","-","-","-","-","-","-","-","-"
"22","Applied Optoelectronics Inc","Technology","Communication Equipment","USA","9.23B","-","9.23B","-","19.57","-","15.48","5.50","9.23B","84.39M","80.53M","5.16%","-11.86%","62.97%","-2.69%","15.01%","9.23B","-3.68%","-5.45%","-9.57%"
"23","AAON Inc","Industrials","Building Products & Equipment","USA","6.30B","39.96","6.30B","39.96","21.59","0.43","3.26","6.23","6.30B","82.45M","68.89M","16.45%","-1.09%","84.37%","-0.06%","6.81%","6.30B","9.76%","17.28%","8.24%"
"24","Tradr 2X Long AAOI Daily ETF","Financial","Exchange Traded Fund","USA","-","-","-","-","-","-","-","-","-","-","-","-","-","-","-","-","-","-","-","-"
"25","Tradr 2X Short AAOI Daily ETF","Financial","Exchange Traded Fund","USA","-","-","-","-","-","-","-","-","-","-","-","-","-","-","-","-","-","-","-","-"
"26","Advance Auto Parts Inc","Consumer Cyclical","Auto Parts","USA","2.48B","29.77","2.48B","29.77","10.46","0.41","0.29","1.09","2.48B","60.00M","59.21M","1.96%","0.00%","125.39%","2.27%","16.55%","2.48B","0.96%","4.84%","0.97%"
"27","GraniteShares 2x Long AAPL Daily ETF","Financial","Exchange Traded Fund","USA","-","-","-","-","-","-","-","-","-","-","-","-","-","-","-","-","-","-","-","-"
"28","Direxion Daily AAPL Bear 1X ETF","Financial","Exchange Traded Fund","USA","-","-","-","-","-","-","-","-","-","-","-","-","-","-","-","-","-","-","-","-"
"29","Leverage Shares 2X Long AAPL Daily ETF","Financial","Exchange Traded Fund","USA","-","-","-","-","-","-","-","-","-","-","-","-","-","-","-","-","-","-","-","-"
"30","Ascentage Pharma Group International ADR","Healthcare","Biotechnology","China","1.47B","-","1.47B","-","-","-","16.06","17.98","1.47B","52.23M","-","-","-","0.02%","1.16%","-","1.47B","-46.64%","-240.66%","-229.27%"
"31","Apple Inc","Technology","Consumer Electronics","USA","4947.14B","38.86","4947.14B","38.86","35.28","2.77","10.60","46.06","4947.14B","14.61B","14.58B","0.12%","-2.27%","68.92%","0.23%","0.96%","4947.14B","36.08%","148.75%","27.62%"
"32","Innovator Equity Defined Protection ETF - 2 Yr to April 2028","Financial","Exchange Traded Fund","USA","-","-","-","-","-","-","-","-","-","-","-","-","-","-","-","-","-","-","-","-"
"33","Direxion Daily AAPL Bull 2X ETF","Financial","Exchange Traded Fund","USA","-","-","-","-","-","-","-","-","-","-","-","-","-","-","-","-","-","-","-","-"
"34","Roundhill AAPL WeeklyPay ETF","Financial","Exchange Traded Fund","USA","-","-","-","-","-","-","-","-","-","-","-","-","-","-","-","-","-","-","-","-"
"35","T-Rex 2X Long Apple Daily Target ETF","Financial","Exchange Traded Fund","USA","-","-","-","-","-","-","-","-","-","-","-","-","-","-","-","-","-","-","-","-"
"36","Kurv Yield Premium Strategy Apple (AAPL) ETF","Financial","Exchange Traded Fund","USA","-","-","-","-","-","-","-","-","-","-","-","-","-","-","-","-","-","-","-","-"
"37","Aardvark Therapeutics Inc","Healthcare","Biotechnology","USA","121.90M","-","121.90M","-","-","-","-","1.63","121.90M","21.88M","12.82M","41.42%","-0.83%","25.27%","-6.33%","3.98%","121.90M","-61.06%","-66.02%","-"
"38","American Assets Trust Inc","Real Estate","REIT - Diversified","USA","1.35B","74.21","1.35B","74.21","59.41","-","3.07","1.20","1.35B","61.40M","45.97M","25.14%","10.02%","79.65%","-2.44%","3.58%","1.35B","0.65%","1.64%","4.09%"
"39","Alpha Architect US Equity 3 ETF","Financial","Exchange Traded Fund","USA","-","-","-","-","-","-","-","-","-","-","-","-","-","-","-","-","-","-","-","-"
"40","Alpha Architect US Equity 4 ETF","Financial","Exchange Traded Fund","USA","-","-","-","-","-","-","-","-","-","-","-","-","-","-","-","-","-","-","-","-"
"41","Allied Gold Corp","Basic Materials","Gold","Canada","3.12B","-","3.12B","-","3.15","0.04","2.09","5.63","3.12B","126.55M","115.57M","17.06%","0.00%","66.07%","-1.02%","3.20%","3.12B","-3.38%","-14.17%","-4.19%"
"42","Alpha Architect US Equity ETF","Financial","Exchange Traded Fund","USA","-","-","-","-","-","-","-","-","-","-","-","-","-","-","-","-","-","-","-","-"
"43","Alpha Architect Global Factor Equity ETF","Financial","Exchange Traded Fund","USA","-","-","-","-","-","-","-","-","-","-","-","-","-","-","-","-","-","-","-","-"
"44","iShares MSCI All Country Asia ex Japan ETF","Financial","Exchange Traded Fund","USA","-","-","-","-","-","-","-","-","-","-","-","-","-","-","-","-","-","-","-","-"
"45","AllianceBernstein Holding Lp","Financial","Asset Management","USA","3.39B","10.74","3.39B","10.74","9.50","1.08","-","2.70","3.39B","92.18M","91.61M","1.68%","-2.13%","12.51%","-0.05%","0.87%","3.39B","19.36%","19.39%","-"
"46","American Battery Technology Company","Industrials","Waste Management","USA","332.21M","-","332.21M","-","-","-","15.28","2.61","332.21M","141.54M","137.19M","3.78%","-2.82%","36.57%","2.31%","15.75%","332.21M","-67.54%","-74.50%","-337.50%"
"47","Abbvie Inc","Healthcare","Drug Manufacturers - General","USA","467.37B","74.78","467.37B","74.78","16.16","0.75","7.26","-","467.37B","1.77B","1.77B","0.10%","-1.82%","78.23%","0.58%","1.11%","467.37B","4.60%","15221.82%","9.74%"
"48","Ameris Bancorp","Financial","Banks - Regional","USA","5.57B","15.02","5.57B","15.02","11.81","-","3.27","1.36","5.57B","67.11M","63.20M","5.82%","0.00%","99.98%","3.20%","4.05%","5.57B","1.36%","9.40%","22.11%"
"49","AbCellera Biologics Inc","Healthcare","Biotechnology","Canada","4.10B","-","4.10B","-","-","-","62.00","4.33","4.10B","306.47M","253.59M","21.74%","0.00%","36.62%","-5.86%","13.70%","4.10B","-12.15%","-17.30%","-248.83%"
"50","Alpha Blue Capital US Small-Mid Cap Dynamic ETF","Financial","Exchange Traded Fund","USA","-","-","-","-","-","-","-","-","-","-","-","-","-","-","-","-","-","-","-","-"
"51","Abeona Therapeutics Inc","Healthcare","Biotechnology","USA","324.23M","-","324.23M","-","-","-","12.70","2.53","324.23M","57.23M","50.66M","11.40%","-5.20%","69.11%","0.82%","29.92%","324.23M","-29.54%","-43.13%","-246.42%"
"52","Absolute Select Value ETF","Financial","Exchange Traded Fund","USA","-","-","-","-","-","-","-","-","-","-","-","-","-","-","-","-","-","-","-","-"
"53","Ambev SA ADR","Consumer Defensive","Beverages - Brewers","Brazil","45.22B","15.22","45.22B","15.22","13.94","1.55","2.71","2.70","45.22B","15.45B","15.17B","0.00%","-","7.15%","-0.06%","0.87%","45.22B","11.37%","18.02%","18.36%"
"54","Abacus FCF Leaders ETF","Financial","Exchange Traded Fund","USA","-","-","-","-","-","-","-","-","-","-","-","-","-","-","-","-","-","-","-","-"
"55","Asbury Automotive Group Inc","Consumer Cyclical","Auto & Truck Dealerships","USA","3.31B","6.90","3.31B","6.90","6.08","1.06","0.18","0.84","3.31B","17.95M","17.78M","0.94%","-0.47%","106.67%","-4.16%","6.83%","3.31B","4.73%","13.23%","2.83%"
"56","VictoryShares Pioneer Asset-Based Income ETF","Financial","Exchange Traded Fund","USA","-","-","-","-","-","-","-","-","-","-","-","-","-","-","-","-","-","-","-","-"
"57","Argent Large Cap ETF","Financial","Exchange Traded Fund","USA","-","-","-","-","-","-","-","-","-","-","-","-","-","-","-","-","-","-","-","-"
"58","Abacus FCF Real Assets Leaders ETF","Financial","Exchange Traded Fund","USA","-","-","-","-","-","-","-","-","-","-","-","-","-","-","-","-","-","-","-","-"
"59","Abacus FCF International Leaders ETF","Financial","Exchange Traded Fund","USA","-","-","-","-","-","-","-","-","-","-","-","-","-","-","-","-","-","-","-","-"
"60","Abacus FCF Small Cap Leaders ETF","Financial","Exchange Traded Fund","USA","-","-","-","-","-","-","-","-","-","-","-","-","-","-","-","-","-","-","-","-"
"61","Able View Global Inc","Consumer Cyclical","Specialty Retail","China","52.46M","-","52.46M","-","-","-","0.50","6.04","52.46M","49.39M","14.04M","71.58%","0.00%","0.15%","58.28%","0.41%","52.46M","-6.73%","-37.24%","-3.75%"
"62","ABM Industries Inc","Industrials","Specialty Business Services","USA","2.90B","17.86","2.90B","17.86","11.36","1.12","0.32","1.62","2.90B","58.61M","57.68M","1.59%","-5.63%","102.23%","2.21%","3.87%","2.90B","3.06%","9.19%","1.82%"
"63","Airbnb Inc","Consumer Cyclical","Travel Services","USA","99.90B","37.92","99.90B","37.92","26.69","1.17","7.55","12.62","99.90B","420.00M","404.81M","31.34%","-3.25%","62.74%","0.42%","3.51%","99.90B","9.65%","34.54%","20.35%"
"64","American Century Core Plus Income ETF","Financial","Exchange Traded Fund","USA","-","-","-","-","-","-","-","-","-","-","-","-","-","-","-","-","-","-","-","-"
"65","Acumen Pharmaceuticals Inc","Healthcare","Biotechnology","USA","187.30M","-","187.30M","-","-","-","-","3.27","187.30M","72.31M","61.76M","14.60%","-0.37%","58.82%","3.79%","5.12%","187.30M","-72.97%","-120.50%","-"
"66","Abacus FCF Innovation Leaders ETF","Financial","Exchange Traded Fund","USA","-","-","-","-","-","-","-","-","-","-","-","-","-","-","-","-","-","-","-","-"
"67","Arbor Realty Trust Inc","Real Estate","REIT - Mortgage","USA","809.66M","67.60","809.66M","67.60","7.45","-","0.68","0.38","809.66M","188.98M","178.11M","4.53%","0.43%","66.76%","3.22%","24.58%","809.66M","0.41%","2.01%","1.36%"
"68","Absci Corp","Healthcare","Biotechnology","USA","1.69B","-","1.69B","-","-","-","1080.29","6.84","1.69B","171.56M","148.10M","13.70%","0.21%","83.53%","18.27%","24.84%","1.69B","-50.57%","-57.72%","-7756.37%"
"69","Abbott Laboratories","Healthcare","Medical Devices","USA","178.19B","33.29","178.19B","33.29","16.98","1.83","3.83","3.49","178.19B","1.73B","1.72B","0.69%","-3.17%","82.13%","-1.35%","1.29%","178.19B","5.59%","10.63%","11.60%"
"70","American Bitcoin Corp","Financial","Capital Markets","USA","750.04M","-","750.04M","-","149.93","3.77","2.76","1.12","750.04M","24.00M","23.10M","68.28%","1.55%","5.00%","3.68%","18.69%","750.04M","-29.63%","-58.97%","-71.75%"
"71","Abits Group Inc","Financial","Capital Markets","Hong Kong","4.05M","-","4.05M","-","-","-","0.44","0.38","4.05M","19.55M","2.38M","26.04%","0.00%","1.60%","11.74%","3.20%","4.05M","-25.75%","-31.60%","-31.43%"
"72","Aptus Laddered Buffer ETF","Financial","Exchange Traded Fund","USA","-","-","-","-","-","-","-","-","-","-","-","-","-","-","-","-","-","-","-","-"
"73","Arbutus Biopharma Corp","Healthcare","Biotechnology","USA","990.53M","6.38","990.53M","6.38","-","-","5.45","3.82","990.53M","197.63M","157.78M","20.36%","0.00%","71.43%","0.58%","11.99%","990.53M","81.13%","89.58%","84.23%"
"74","ABVC BioPharma Inc","Healthcare","Biotechnology","USA","35.83M","-","35.83M","-","-","-","-","2.88","35.83M","25.77M","25.51M","18.11%","0.00%","3.50%","5.80%","2.06%","35.83M","-39.88%","-82.15%","-"
"75","Abivax ADR","Healthcare","Biotechnology","France","9.04B","-","9.04B","-","-","-","-","16.57","9.04B","79.29M","79.12M","9.42%","0.00%","53.65%","9.85%","8.80%","9.04B","-95.27%","-158.32%","-"
"76","Abacus Global Management Inc","Financial","Insurance - Life","USA","787.23M","28.19","787.23M","28.19","6.88","0.39","2.95","1.80","787.23M","97.09M","33.93M","65.30%","-0.68%","28.38%","1.38%","14.34%","787.23M","3.29%","6.55%","10.55%"
"77","Abacus Flexible Bond Leaders ETF","Financial","Exchange Traded Fund","USA","-","-","-","-","-","-","-","-","-","-","-","-","-","-","-","-","-","-","-","-"
"78","Arcosa Inc","Industrials","Engineering & Construction","USA","7.18B","54.71","7.18B","54.71","30.04","7.36","2.62","2.41","7.18B","49.10M","48.17M","1.91%","0.00%","92.29%","-2.26%","2.62%","7.18B","3.86%","7.24%","4.78%"
"79","Averin Capital Acquisition Corp","Financial","Shell Companies","USA","356.12M","-","356.12M","-","-","-","-","1.31","356.12M","28.59M","28.59M","19.89%","0.00%","54.48%","-","0.01%","356.12M","-","-","-"
"80","Acadia Pharmaceuticals Inc","Healthcare","Biotechnology","USA","4.55B","11.89","4.55B","11.89","28.82","-","3.99","3.48","4.55B","172.13M","170.04M","1.31%","-3.38%","97.81%","1.39%","5.73%","4.55B","25.64%","35.74%","33.42%"
"81","Aurora Cannabis Inc","Healthcare","Drug Manufacturers - Specialty & Generic","Canada","261.31M","-","261.31M","-","53.22","-","1.25","0.69","261.31M","64.84M","64.44M","0.62%","0.00%","9.52%","-0.02%","11.35%","261.31M","-5.24%","-7.10%","-38.37%"
"82","Pacer Metaurus Enhanced Core Income Autocallable ETF","Financial","Exchange Traded Fund","USA","-","-","-","-","-","-","-","-","-","-","-","-","-","-","-","-","-","-","-","-"
"83","Pacer Metaurus High Income Autocallable ETF","Financial","Exchange Traded Fund","USA","-","-","-","-","-","-","-","-","-","-","-","-","-","-","-","-","-","-","-","-"
"84","Acco Group Holdings Ltd","Industrials","Consulting Services","Hong Kong","40.04M","562.75","40.04M","562.75","-","-","63.56","53.85","40.04M","13.95M","4.94M","64.61%","0.00%","0.39%","119.00%","0.86%","40.04M","10.21%","14.77%","11.29%"
"85","Acco Brands Corp","Industrials","Business Equipment & Supplies","USA","384.92M","6.72","384.92M","6.72","4.33","-","0.24","0.56","384.92M","92.30M","89.75M","2.77%","-2.19%","82.07%","0.61%","7.03%","384.92M","2.50%","8.85%","3.74%"
"86","ACCESS Newswire Inc","Communication Services","Advertising Agencies","USA","19.16M","-","19.16M","-","6.50","-","0.85","0.66","19.16M","3.85M","3.02M","21.17%","9.23%","46.85%","-2.92%","0.48%","19.16M","-3.55%","-5.07%","-7.63%"
"87","ProFrac Holding Corp","Energy","Oil & Gas Equipment & Services","USA","903.32M","-","903.32M","-","-","-","0.51","1.66","903.32M","182.10M","26.73M","85.33%","1.31%","18.33%","3.40%","17.40%","903.32M","-15.24%","-52.29%","-23.06%"
"88","Innovator Equity Autocallable Income Strategy ETF","Financial","Exchange Traded Fund","USA","-","-","-","-","-","-","-","-","-","-","-","-","-","-","-","-","-","-","-","-"
"89","Accel Entertainment Inc","Consumer Cyclical","Gambling","USA","901.25M","16.42","901.25M","16.42","13.32","-","0.65","3.18","901.25M","81.22M","52.99M","34.73%","-0.63%","55.81%","1.27%","4.33%","901.25M","5.26%","20.82%","4.08%"
"90","ARS Core Equity Portfolio ETF","Financial","Exchange Traded Fund","USA","-","-","-","-","-","-","-","-","-","-","-","-","-","-","-","-","-","-","-","-"
"91","ALPS Clean Energy ETF","Financial","Exchange Traded Fund","USA","-","-","-","-","-","-","-","-","-","-","-","-","-","-","-","-","-","-","-","-"
"92","Adicet Bio Inc","Healthcare","Biotechnology","USA","83.60M","-","83.60M","-","-","-","-","0.70","83.60M","9.36M","8.22M","12.22%","11.60%","53.38%","0.86%","3.07%","83.60M","-63.62%","-78.08%","-"
"93","Acorn Energy Inc","Technology","Scientific & Technical Instruments","USA","52.20M","34.31","52.20M","34.31","-","-","5.45","5.95","52.20M","2.51M","1.50M","40.23%","0.00%","4.42%","4.45%","1.42%","52.20M","11.90%","19.73%","16.12%"
"94","ACP Holdings Acquisition Corp","Financial","Shell Companies","USA","292.46M","-","292.46M","-","-","-","-","10.59","292.46M","217.87M","21.95M","24.58%","0.00%","61.17%","-","0.01%","292.46M","-","-","-"
"95","Arch Capital Group Ltd","Financial","Insurance - Diversified","Bermuda","32.68B","7.48","32.68B","7.48","9.80","4.33","1.76","1.41","32.68B","340.90M","331.39M","2.88%","-0.11%","94.07%","-3.91%","2.21%","32.68B","6.80%","19.94%","25.03%"
"96","Hartford Alpha Capture Growth ETF","Financial","Exchange Traded Fund","USA","-","-","-","-","-","-","-","-","-","-","-","-","-","-","-","-","-","-","-","-"
"97","American Century Large Cap Growth ETF","Financial","Exchange Traded Fund","USA","-","-","-","-","-","-","-","-","-","-","-","-","-","-","-","-","-","-","-","-"
"98","Accendra Health Inc","Healthcare","Medical Distribution","USA","67.14M","-","67.14M","-","4.78","-","0.03","-","67.14M","76.91M","69.66M","9.42%","0.00%","81.46%","-0.22%","12.68%","67.14M","-3.53%","-198.35%","-11.41%"
"99","Acadia Healthcare Company Inc","Healthcare","Medical Care Facilities","USA","2.64B","-","2.64B","-","15.55","7.07","0.78","1.30","2.64B","90.87M","87.06M","6.49%","0.00%","138.42%","-0.13%","25.94%","2.64B","-19.00%","-44.54%","-33.44%"
"100","Archer Aviation Inc","Industrials","Aerospace & Defense","USA","4.18B","-","4.18B","-","-","-","605.98","2.21","4.18B","770.01M","644.56M","16.29%","-0.46%","49.22%","2.19%","15.16%","4.18B","-38.52%","-44.76%","-11589.86%"
"101","Achieve Life Sciences Inc","Healthcare","Biotechnology","USA","828.36M","-","828.36M","-","-","-","-","-","828.36M","102.72M","69.81M","32.16%","-0.06%","56.42%","51.62%","23.56%","828.36M","-91.46%","-844.99%","-"
"102","Corgi ACHR 2x Daily ETF","Financial","Exchange Traded Fund","USA","-","-","-","-","-","-","-","-","-","-","-","-","-","-","-","-","-","-","-","-"
"103","Albertsons Companies Inc","Consumer Defensive","Grocery Stores","USA","5.88B","162.03","5.88B","162.03","-","-","0.07","3.67","5.88B","488.68M","325.03M","33.03%","0.08%","64.42%","-3.41%","16.75%","5.88B","0.25%","2.72%","0.08%"
"104","American Coastal Insurance Corp","Financial","Insurance - Property & Casualty","USA","445.38M","4.56","445.38M","4.56","7.18","-","1.35","1.27","445.38M","47.27M","24.50M","49.44%","-0.17%","33.66%","-6.51%","6.72%","445.38M","11.00%","31.65%","30.31%"
"105","Innovator Index Autocallable Income Strategy ETF","Financial","Exchange Traded Fund","USA","-","-","-","-","-","-","-","-","-","-","-","-","-","-","-","-","-","-","-","-"
"106","Aptus Collared Investment Opportunity ETF","Financial","Exchange Traded Fund","USA","-","-","-","-","-","-","-","-","-","-","-","-","-","-","-","-","-","-","-","-"
"107","AC Immune SA","Healthcare","Biotechnology","Switzerland","270.20M","-","270.20M","-","10.64","-","12.20","5.55","270.20M","91.10M","62.57M","38.52%","-0.03%","24.30%","-1.38%","5.27%","270.20M","-25.54%","-79.01%","-245.27%"
"108","ACI Worldwide Inc","Technology","Software - Infrastructure","USA","5.01B","22.69","5.01B","22.69","16.87","-","2.75","3.35","5.01B","101.22M","99.02M","1.92%","0.00%","103.99%","2.30%","6.37%","5.01B","7.24%","15.62%","12.40%"
"109","VistaShares Target 15 ACKtivist Distribution ETF","Financial","Exchange Traded Fund","USA","-","-","-","-","-","-","-","-","-","-","-","-","-","-","-","-","-","-","-","-"
"110","American Century Large Cap Equity ETF","Financial","Exchange Traded Fund","USA","-","-","-","-","-","-","-","-","-","-","-","-","-","-","-","-","-","-","-","-"
"111","TCW AAA CLO ETF","Financial","Exchange Traded Fund","USA","-","-","-","-","-","-","-","-","-","-","-","-","-","-","-","-","-","-","-","-"
"112","Axcelis Technologies Inc","Technology","Semiconductor Equipment & Materials","USA","3.49B","38.05","3.49B","38.05","21.48","1.13","4.03","3.28","3.49B","30.88M","30.47M","1.33%","-8.74%","101.82%","-5.64%","5.33%","3.49B","6.85%","8.89%","10.71%"
"113","Corgi ACLS 2x Daily ETF","Financial","Exchange Traded Fund","USA","-","-","-","-","-","-","-","-","-","-","-","-","-","-","-","-","-","-","-","-"
"114","AECOM","Industrials","Engineering & Construction","USA","8.10B","22.98","8.10B","22.98","9.86","0.86","0.53","3.69","8.10B","128.70M","127.84M","0.66%","1.18%","94.75%","2.80%","4.50%","8.10B","3.07%","15.91%","2.35%"
"115","Corgi ACMR 2x Daily ETF","Financial","Exchange Traded Fund","USA","-","-","-","-","-","-","-","-","-","-","-","-","-","-","-","-","-","-","-","-"
"116","ACM Research Inc","Technology","Semiconductor Equipment & Materials","USA","5.07B","34.57","5.07B","34.57","22.98","0.58","4.88","2.72","5.07B","64.65M","58.18M","16.47%","-2.79%","70.38%","7.17%","6.83%","5.07B","5.52%","10.55%","14.48%"
"117","Accenture plc","Technology","Information Technology Services","Ireland","113.89B","14.86","113.89B","14.86","12.68","1.87","1.56","3.57","113.89B","611.86M","610.58M","0.22%","-1.13%","82.90%","-3.69%","4.16%","113.89B","11.79%","24.95%","10.66%"
"118","ACNB Corp","Financial","Banks - Regional","USA","649.35M","12.11","649.35M","12.11","11.21","-","3.23","1.53","649.35M","10.17M","9.76M","4.05%","-0.36%","41.00%","0.14%","4.20%","649.35M","1.66%","13.34%","27.15%"
"119","Ascent Industries Co","Basic Materials","Specialty Chemicals","USA","131.36M","-","131.36M","-","-","-","1.57","1.65","131.36M","9.01M","7.73M","14.18%","-0.12%","66.48%","-3.51%","2.33%","131.36M","-2.13%","-2.88%","-5.27%"
"120","Alpha Cognition Inc","Healthcare","Biotechnology","USA","195.35M","-","195.35M","-","-","-","12.80","3.69","195.35M","21.77M","14.20M","8.56%","68.16%","77.22%","-2.60%","1.49%","195.35M","-42.76%","-55.25%","-153.61%"
"121","Harbor Active Commodity ETF","Financial","Exchange Traded Fund","USA","-","-","-","-","-","-","-","-","-","-","-","-","-","-","-","-","-","-","-","-"
"122","Aclarion Inc","Healthcare","Health Information Services","USA","7.09M","-","7.09M","-","-","-","88.59","0.36","7.09M","2.46M","2.04M","29.12%","8.80%","4.00%","0.42%","1.21%","7.09M","-56.09%","-58.97%","-10978.48%"
"123","abrdn Income Credit Strategies Fund","Financial","Closed-End Fund - Debt","USA","589.71M","-","589.71M","-","-","-","-","-","589.71M","125.47M","125.46M","-","-","38.21%","-","0.26%","589.71M","-","-","-"
"124","ProShares Nasdaq-100 Autocallable Income ETF","Financial","Exchange Traded Fund","USA","-","-","-","-","-","-","-","-","-","-","-","-","-","-","-","-","-","-","-","-"
"125","ACRES Commercial Realty Corp","Real Estate","REIT - Mortgage","USA","169.10M","-","169.10M","-","7.53","-","0.97","0.22","169.10M","13.45M","8.36M","37.82%","-0.69%","22.62%","-20.79%","2.60%","169.10M","0.66%","3.33%","-3.85%"
"126","Ares Commercial Real Estate Corp","Real Estate","REIT - Mortgage","USA","243.01M","-","243.01M","-","10.99","-","2.07","0.50","243.01M","55.48M","51.96M","6.34%","0.00%","47.70%","0.78%","4.54%","243.01M","-0.27%","-0.88%","-3.77%"
"127","Aclaris Therapeutics Inc","Healthcare","Biotechnology","USA","819.89M","-","819.89M","-","-","-","99.74","6.25","819.89M","139.82M","113.74M","22.73%","-0.89%","69.56%","4.65%","13.35%","819.89M","-41.07%","-59.10%","-921.50%"
"128","ProShares Russell 2000 Autocallable Income ETF","Financial","Exchange Traded Fund","USA","-","-","-","-","-","-","-","-","-","-","-","-","-","-","-","-","-","-","-","-"
"129","Acrivon Therapeutics Inc","Healthcare","Biotechnology","USA","86.14M","-","86.14M","-","-","-","-","0.99","86.14M","42.85M","33.20M","22.53%","-0.19%","45.37%","3.34%","3.43%","86.14M","-57.61%","-64.63%","-"
"130","American Century Small Cap Growth Insights ETF","Financial","Exchange Traded Fund","USA","-","-","-","-","-","-","-","-","-","-","-","-","-","-","-","-","-","-","-","-"
"131","American Customer Satisfaction ETF","Financial","Exchange Traded Fund","USA","-","-","-","-","-","-","-","-","-","-","-","-","-","-","-","-","-","-","-","-"
"132","ProShares S&P 500 Autocallable Income ETF","Financial","Exchange Traded Fund","USA","-","-","-","-","-","-","-","-","-","-","-","-","-","-","-","-","-","-","-","-"
"133","American Century Small Cap Value Insights ETF","Financial","Exchange Traded Fund","USA","-","-","-","-","-","-","-","-","-","-","-","-","-","-","-","-","-","-","-","-"
"134","Enact Holdings Inc","Financial","Insurance - Specialty","USA","6.61B","10.13","6.61B","10.13","9.55","1.92","5.27","1.23","6.61B","138.13M","27.99M","79.64%","-3.39%","22.20%","-0.78%","11.14%","6.61B","9.95%","12.87%","54.51%"
"135","Acacia Research Corp","Industrials","Business Equipment & Supplies","USA","425.48M","-","425.48M","-","-","-","1.53","0.64","425.48M","97.59M","96.03M","1.59%","-5.90%","88.62%","1.48%","2.11%","425.48M","-1.92%","-2.82%","-5.39%"
"136","Actuate Therapeutics Inc","Healthcare","Biotechnology","USA","21.79M","-","21.79M","-","-","-","-","22.03","21.79M","24.01M","10.23M","57.42%","0.00%","14.25%","-3.23%","11.46%","21.79M","-336.18%","-553.75%","-"
"137","Acme United Corp","Consumer Defensive","Household & Personal Products","USA","236.74M","26.01","236.74M","26.01","22.45","-","1.12","1.95","236.74M","3.83M","3.39M","11.58%","-6.44%","73.10%","0.64%","2.20%","236.74M","5.28%","8.35%","4.64%"
"138","Virtus Diversified Income & Convertible Fund","Financial","Closed-End Fund - Equity","USA","267.28M","-","267.28M","-","-","-","-","-","267.28M","10.40M","10.40M","-","-","21.33%","-","0.16%","267.28M","-","-","-"
"139","ACV Auctions Inc","Consumer Cyclical","Auto & Truck Dealerships","USA","1.78B","-","1.78B","-","30.48","0.64","2.22","4.55","1.78B","169.12M","158.72M","6.53%","0.00%","97.09%","0.94%","9.85%","1.78B","-5.69%","-15.06%","-7.88%"
"140","American Conservative Values ETF","Financial","Exchange Traded Fund","USA","-","-","-","-","-","-","-","-","-","-","-","-","-","-","-","-","-","-","-","-"
"141","Advent Convertible Bond ETF","Financial","Exchange Traded Fund","USA","-","-","-","-","-","-","-","-","-","-","-","-","-","-","-","-","-","-","-","-"
"142","Hartford Alpha Capture Value ETF","Financial","Exchange Traded Fund","USA","-","-","-","-","-","-","-","-","-","-","-","-","-","-","-","-","-","-","-","-"
"143","iShares MSCI ACWI ETF","Financial","Exchange Traded Fund","USA","-","-","-","-","-","-","-","-","-","-","-","-","-","-","-","-","-","-","-","-"
"144","iShares MSCI Global Min Vol Factor ETF","Financial","Exchange Traded Fund","USA","-","-","-","-","-","-","-","-","-","-","-","-","-","-","-","-","-","-","-","-"
"145","iShares MSCI ACWI ex US ETF","Financial","Exchange Traded Fund","USA","-","-","-","-","-","-","-","-","-","-","-","-","-","-","-","-","-","-","-","-"
"146","Acurx Pharmaceuticals Inc","Healthcare","Biotechnology","USA","7.40M","-","7.40M","-","-","-","-","0.76","7.40M","5.56M","5.11M","8.12%","0.00%","2.15%","3.74%","2.36%","7.40M","-87.57%","-128.11%","-"
"147","FT Vest Laddered Autocallable Barrier & Income ETF","Financial","Exchange Traded Fund","USA","-","-","-","-","-","-","-","-","-","-","-","-","-","-","-","-","-","-","-","-"
"148","FT Vest Autocallable Barrier & High Income ETF","Financial","Exchange Traded Fund","USA","-","-","-","-","-","-","-","-","-","-","-","-","-","-","-","-","-","-","-","-"
"149","FT Vest Laddered Autocallable Barrier & Resilient Income ETF","Financial","Exchange Traded Fund","USA","-","-","-","-","-","-","-","-","-","-","-","-","-","-","-","-","-","-","-","-"
"150","Array Digital Infrastructure Inc","Communication Services","Telecom Services","USA","3.08B","4.13","3.08B","4.13","31.33","0.96","14.41","2.43","3.08B","53.47M","15.25M","82.37%","-0.01%","20.64%","-1.74%","10.23%","3.08B","9.41%","22.06%","349.27%"
"151","American Drive Acquisition Co","Financial","Shell Companies","USA","289.23M","118.08","289.23M","118.08","-","-","-","1.29","289.23M","23.00M","23.00M","20.00%","0.00%","68.90%","-","0.03%","289.23M","-","-","-"
"152","Adagene Inc ADR","Healthcare","Biotechnology","China","215.52M","-","215.52M","-","-","-","23.12","2.41","215.52M","67.14M","54.53M","18.78%","0.36%","18.90%","41.61%","3.80%","215.52M","-20.55%","-28.57%","-220.66%"
"153","Adamas Trust Inc","Real Estate","REIT - Mortgage","USA","801.73M","5.31","801.73M","5.31","8.63","-","0.96","0.86","801.73M","89.88M","83.92M","6.63%","0.00%","58.15%","0.98%","3.72%","801.73M","1.72%","14.17%","18.60%"
"154","Adobe Inc","Technology","Software - Application","USA","99.18B","13.92","99.18B","13.92","8.99","0.61","3.82","8.64","99.18B","397.50M","396.68M","0.21%","-18.74%","87.26%","-1.36%","4.38%","99.18B","24.80%","61.90%","28.05%"
"155","Leverage Shares 2X Long ADBE Daily ETF","Financial","Exchange Traded Fund","USA","-","-","-","-","-","-","-","-","-","-","-","-","-","-","-","-","-","-","-","-"
"156","Advasa Holdings Inc","Technology","Software - Application","Japan","64.63M","-","64.63M","-","-","-","-","491.48","64.63M","487.07M","50.63M","89.61%","0.00%","-","-","0.29%","64.63M","-","-","-"
"157","Direxion Daily ADBE Bull 2X ETF","Financial","Exchange Traded Fund","USA","-","-","-","-","-","-","-","-","-","-","-","-","-","-","-","-","-","-","-","-"
"158","Agree Realty Corp","Real Estate","REIT - Retail","USA","8.41B","36.43","8.41B","36.43","34.39","7.40","10.79","1.33","8.41B","124.38M","121.69M","2.16%","3.73%","115.56%","1.20%","5.10%","8.41B","2.29%","3.69%","27.83%"
"159","Adc Therapeutics SA","Healthcare","Drug Manufacturers - Specialty & Generic","Switzerland","142.99M","-","142.99M","-","-","-","1.80","-","142.99M","127.44M","99.04M","22.42%","-17.04%","58.52%","-4.15%","6.35%","142.99M","-32.25%","-","-121.77%"
"160","Hedgeye Index Adds ETF","Financial","Exchange Traded Fund","USA","-","-","-","-","-","-","-","-","-","-","-","-","-","-","-","-","-","-","-","-"
"161","Adeia Inc","Technology","Software - Application","USA","2.82B","23.60","2.82B","23.60","15.95","5.10","5.98","5.90","2.82B","110.26M","107.24M","2.76%","-3.16%","104.03%","5.30%","7.11%","2.82B","11.70%","27.88%","26.05%"
"162","Adagio Medical Holdings Inc","Healthcare","Medical Devices","USA","11.18M","-","11.18M","-","-","-","-","-","11.18M","22.21M","21.80M","1.85%","0.00%","67.86%","-2.94%","1.19%","11.18M","-77.80%","-657.76%","-"
"163","Analog Devices Inc","Technology","Semiconductors","USA","185.59B","45.45","185.59B","45.45","22.99","0.64","13.37","5.53","185.59B","484.57M","483.30M","0.26%","-11.03%","94.20%","-0.23%","1.81%","185.59B","8.56%","12.23%","29.79%"
"164","ADI Global Distribution Inc","Technology","Computer Hardware","USA","1.59B","-","1.59B","-","-","-","-","0.65","1.59B","75.92M","66.60M","12.28%","0.00%","0.24%","51.38%","4.83%","1.59B","-","-","-"
"165","Adial Pharmaceuticals Inc","Healthcare","Biotechnology","USA","11.55M","-","11.55M","-","-","-","-","-","11.55M","2.63M","2.38M","9.20%","19.84%","19.41%","8.48%","10.28%","11.55M","-322.10%","-265.94%","-"
"166","Leverage Shares 2X Long ADI Daily ETF","Financial","Exchange Traded Fund","USA","-","-","-","-","-","-","-","-","-","-","-","-","-","-","-","-","-","-","-","-"
"167","Guinness Atkinson Asia Pacific Dividend Builder ETF","Financial","Exchange Traded Fund","USA","-","-","-","-","-","-","-","-","-","-","-","-","-","-","-","-","-","-","-","-"
"168","Archer Daniels Midland Co","Consumer Defensive","Farm Products","USA","40.19B","22.82","40.19B","22.82","14.26","0.74","0.49","1.70","40.19B","482.00M","478.62M","0.69%","0.00%","89.61%","2.11%","3.02%","40.19B","3.35%","7.70%","2.15%"
"169","Adma Biologics Inc","Healthcare","Biotechnology","USA","2.13B","13.49","2.13B","13.49","10.08","0.45","4.16","5.25","2.13B","225.36M","214.67M","4.16%","0.34%","90.11%","-3.77%","11.12%","2.13B","27.19%","41.90%","32.98%"
"170","Aptus Drawdown Managed Equity ETF","Financial","Exchange Traded Fund","USA","-","-","-","-","-","-","-","-","-","-","-","-","-","-","-","-","-","-","-","-"
"171","Adient plc","Consumer Cyclical","Auto Parts","USA","1.35B","29.20","1.35B","29.20","5.84","0.24","0.09","0.78","1.35B","77.10M","75.44M","2.15%","-1.81%","98.60%","-2.27%","8.45%","1.35B","0.54%","2.73%","0.32%"
"172","Automatic Data Processing Inc","Technology","Software - Application","USA","107.24B","24.67","107.24B","24.67","20.16","2.14","4.89","17.80","107.24B","397.80M","396.50M","0.19%","-5.21%","92.02%","0.44%","2.72%","107.24B","7.57%","72.24%","20.11%"
"173","Adaptive Biotechnologies Corp","Healthcare","Diagnostics & Research","USA","4.45B","-","4.45B","-","-","-","14.43","31.01","4.45B","159.06M","154.86M","2.97%","-38.71%","98.04%","2.49%","7.56%","4.45B","-11.23%","-39.58%","-20.73%"
"174","Adaptiv Select ETF","Financial","Exchange Traded Fund","USA","-","-","-","-","-","-","-","-","-","-","-","-","-","-","-","-","-","-","-","-"
"175","Ads-Tec Energy Plc","Industrials","Electrical Equipment & Parts","Ireland","844.34M","-","844.34M","-","-","-","23.64","-","844.34M","75.19M","46.30M","38.41%","0.00%","54.20%","1.48%","0.14%","844.34M","-49.36%","-","-177.12%"
"176","Autodesk Inc","Technology","Software - Application","USA","45.74B","28.35","45.74B","28.35","15.45","0.98","5.85","13.52","45.74B","209.00M","208.23M","0.37%","1.36%","100.60%","1.97%","4.04%","45.74B","13.78%","53.85%","21.01%"
"177","ADT Inc","Industrials","Security & Protection Services","USA","4.84B","9.17","4.84B","9.17","6.72","1.08","0.94","1.40","4.84B","678.86M","662.71M","9.29%","0.10%","98.61%","-8.43%","3.89%","4.84B","3.87%","17.20%","11.86%"
"178","ADTRAN Holdings Inc","Technology","Communication Equipment","USA","587.48M","-","587.48M","-","12.38","0.22","0.52","4.52","587.48M","81.19M","74.77M","8.23%","-2.20%","112.12%","5.39%","17.28%","587.48M","-1.91%","-15.11%","-1.99%"
"179","Aduro Clean Technologies Inc","Industrials","Pollution & Treatment Controls","Canada","450.18M","-","450.18M","-","-","-","3751.47","19.71","450.18M","33.87M","23.65M","33.77%","0.00%","2.76%","9.40%","11.98%","450.18M","-87.90%","-128.80%","-16180.96%"
"180","Addus HomeCare Corp","Healthcare","Medical Care Facilities","USA","2.15B","20.23","2.15B","20.23","15.36","1.77","1.46","1.88","2.15B","18.67M","18.13M","2.89%","-0.18%","105.06%","0.34%","4.94%","2.15B","7.35%","9.71%","7.13%"
"181","Advantage Solutions Inc","Communication Services","Advertising Agencies","USA","419.23M","-","419.23M","-","96.16","-","0.12","1.02","419.23M","12.82M","4.19M","67.34%","0.77%","22.05%","2.71%","13.75%","419.23M","-9.90%","-50.09%","-7.65%"
"182","Advanced Biomed Inc","Healthcare","Diagnostics & Research","Taiwan","10.68M","40.64","10.68M","40.64","-","-","-","31.04","10.68M","1.38M","0.74M","55.36%","0.00%","0.08%","-0.01%","2.21%","10.68M","59.90%","84.61%","-"
"183","Matthews Asia Dividend Active ETF","Financial","Exchange Traded Fund","USA","-","-","-","-","-","-","-","-","-","-","-","-","-","-","-","-","-","-","-","-"
"184","Adams Diversified Equity Fund","Financial","Closed-End Fund - Equity","USA","3.27B","-","3.27B","-","-","-","-","-","3.27B","124.93M","121.54M","2.71%","0.01%","17.04%","-","1.02%","3.27B","-","-","-"
"185","Addex Therapeutics Ltd ADR","Healthcare","Biotechnology","Switzerland","3.49M","-","3.49M","-","-","-","24.96","0.86","3.49M","0.99M","0.99M","0.03%","0.00%","0.00%","-23.62%","0.42%","3.49M","-106.04%","-131.07%","-6401.70%"
"186","Activate Energy Acquisition Corp","Financial","Shell Companies","Cayman Islands","315.62M","66.14","315.62M","66.14","-","-","-","1.14","315.62M","23.64M","23.64M","24.49%","0.00%","65.01%","-","0.01%","315.62M","3.33%","3.45%","-"
"187","Aebi Schmidt Holding AG","Industrials","Farm & Heavy Construction Machinery","Switzerland","935.89M","35.35","935.89M","35.35","9.89","-","0.40","0.91","935.89M","77.22M","36.51M","52.96%","0.05%","41.15%","1.11%","4.28%","935.89M","1.31%","3.58%","1.13%"
"188","Anfield Energy Inc","Energy","Uranium","Canada","74.61M","-","74.61M","-","-","-","138.17","1.97","74.61M","18.23M","12.71M","36.27%","0.00%","14.27%","-0.82%","0.43%","74.61M","-31.59%","-56.86%","-3849.57%"
"189","Ameren Corp","Utilities","Utilities - Regulated Electric","USA","28.19B","17.92","28.19B","17.92","17.50","2.23","3.22","2.06","28.19B","276.80M","275.80M","0.38%","-1.53%","90.35%","3.98%","4.51%","28.19B","3.19%","12.02%","17.86%"
"190","abrdn Emerging Markets ex-China Fund Inc","Financial","Closed-End Fund - Equity","USA","408.04M","-","408.04M","-","-","-","-","-","408.04M","40.60M","40.52M","-","-","63.14%","-","0.19%","408.04M","-","-","-"
"191","Aegon Ltd","Financial","Insurance - Diversified","Netherlands","13.42B","12.08","13.42B","12.08","7.80","0.36","0.44","1.32","13.42B","1.96B","1.48B","0.02%","0.00%","8.27%","-5.36%","0.25%","13.42B","0.30%","10.57%","3.86%"
"192","Leverage Shares 2X Long AEHR Daily ETF","Financial","Exchange Traded Fund","USA","-","-","-","-","-","-","-","-","-","-","-","-","-","-","-","-","-","-","-","-"
"193","Antelope Enterprise Holdings Ltd","Industrials","Building Products & Equipment","China","131.23M","-","131.23M","-","-","-","1.36","0.07","131.23M","18.96M","16.38M","13.61%","0.00%","0.06%","0.33%","2.59%","131.23M","-23.58%","-34.83%","-7.85%"
"194","Aehr Test Systems","Technology","Semiconductor Equipment & Materials","USA","3.17B","-","3.17B","-","-","-","63.31","14.34","3.17B","32.48M","31.18M","4.52%","-31.29%","74.96%","3.00%","13.95%","3.17B","-3.61%","-4.16%","-14.25%"
"195","Alset Inc","Real Estate","Real Estate - Development","USA","32.28M","-","32.28M","-","-","-","7.56","0.28","32.28M","38.90M","3.70M","90.49%","0.43%","5.93%","-0.30%","3.64%","32.28M","-38.54%","-43.41%","-951.44%"
"196","Advanced Energy Industries Inc","Industrials","Electrical Equipment & Parts","USA","10.52B","48.99","10.52B","48.99","17.30","0.41","5.16","7.22","10.52B","40.00M","39.68M","0.93%","-7.50%","101.23%","-3.44%","4.38%","10.52B","7.60%","16.27%","10.77%"
"197","AlphaEdge Large Cap Value ETF","Financial","Exchange Traded Fund","USA","-","-","-","-","-","-","-","-","-","-","-","-","-","-","-","-","-","-","-","-"
"198","Agnico Eagle Mines Ltd","Basic Materials","Gold","Canada","100.61B","16.88","100.61B","16.88","16.00","1.27","6.93","3.50","100.61B","509.48M","506.80M","0.52%","0.00%","64.06%","-1.30%","1.47%","100.61B","16.91%","22.97%","40.44%"
"199","Harbor AlphaEdge Mid Cap Core ETF","Financial","Exchange Traded Fund","USA","-","-","-","-","-","-","-","-","-","-","-","-","-","-","-","-","-","-","-","-"
